x,y,height,momentum_x,bathymetry
0.5,0.5,0.171067,0.033947,0
1.5,0.5,0.154933,0.0500587,0
2.5,0.5,0.14132,0.0553493,0
3.5,0.5,0.131122,0.0409604,0
