x,y,height,momentum_x,bathymetry
0.5,0.5,0.185552,0.0181516,0
1.5,0.5,0.165266,0.0399787,0
2.5,0.5,0.134479,0.044657,0
3.5,0.5,0.115274,0.0185174,0
