x,y,height,momentum_x,bathymetry
0.5,0.5,0.197524,0.00333552,0
1.5,0.5,0.180876,0.022779,0
2.5,0.5,0.11938,0.0240023,0
3.5,0.5,0.10222,0.002392,0
