x,y,height,momentum_x,bathymetry
0.5,0.5,0.17425,0.030656,0
1.5,0.5,0.15688,0.0482979,0
2.5,0.5,0.140368,0.0537334,0
3.5,0.5,0.127943,0.0362525,0
