x,y,height,momentum_x,bathymetry
0.5,0.5,0.2,0,0
1.5,0.5,0.189177,0.0131272,0
2.5,0.5,0.110823,0.0131272,0
3.5,0.5,0.1,0,0
