x,y,height,momentum_x,bathymetry
0.5,0.5,0.189736,0.0131768,0
1.5,0.5,0.169347,0.0356337,0
2.5,0.5,0.130854,0.0394628,0
3.5,0.5,0.110476,0.0122879,0
