x,y,height,momentum_x,bathymetry
0.5,0.5,0.177736,0.0269372,0
1.5,0.5,0.159185,0.0461183,0
2.5,0.5,0.139016,0.0515409,0
3.5,0.5,0.1242,0.0308347,0
