x,y,height,momentum_x,bathymetry
0.5,0.5,0.19386,0.00806911,0
1.5,0.5,0.174432,0.0300518,0
2.5,0.5,0.125938,0.0326892,0
3.5,0.5,0.105939,0.00669895,0
