x,y,height,momentum_x,bathymetry
0.5,0.5,0.16818,0.0368485,0
1.5,0.5,0.153276,0.0514917,0
2.5,0.5,0.141983,0.0565299,0
3.5,0.5,0.133752,0.0449278,0
