x,y,height,momentum_x,bathymetry
0.5,0.5,0.181518,0.0227658,0
1.5,0.5,0.161938,0.0433994,0
2.5,0.5,0.137117,0.048591,0
3.5,0.5,0.119933,0.0248363,0
