x,y,height,momentum_x,bathymetry
0.5,0.5,0.163221,0.0416513,0
1.5,0.5,0.15064,0.0536347,0
2.5,0.5,0.142739,0.0579959,0
3.5,0.5,0.137581,0.0508166,0
