x,y,height,momentum_x,bathymetry
0.5,0.5,0.165572,0.0394029,0
1.5,0.5,0.151858,0.052666,0
2.5,0.5,0.142436,0.0573843,0
3.5,0.5,0.135883,0.0481894,0
