x,y,height,momentum_x
0.5,0.5,7.4429,19.8205
1.5,0.5,7.32283,20.5192
2.5,0.5,7.25903,20.8868
3.5,0.5,7.23464,21.0357
4.5,0.5,7.22847,21.0882
5.5,0.5,7.22684,21.1202
6.5,0.5,7.22562,21.1527
7.5,0.5,7.22503,21.1812
8.5,0.5,7.22528,21.2
9.5,0.5,7.22561,21.2069
