x,y,height,momentum_x
0.5,0.5,7.42742,19.9066
1.5,0.5,7.30014,20.643
2.5,0.5,7.22946,21.0465
3.5,0.5,7.20061,21.2188
4.5,0.5,7.19346,21.2766
5.5,0.5,7.19354,21.2993
6.5,0.5,7.19501,21.3171
