x,y,height,momentum_x
0.5,0.5,9.4999,7.91385e-05
1.5,0.5,9.4999,8.13665e-05
2.5,0.5,9.49989,7.62932e-05
3.5,0.5,9.49989,6.38332e-05
4.5,0.5,9.49989,5.33514e-05
5.5,0.5,9.49989,4.47001e-05
6.5,0.5,9.49989,3.77149e-05
7.5,0.5,9.49989,3.22252e-05
8.5,0.5,9.49989,2.80666e-05
9.5,0.5,9.49989,2.50915e-05
10.5,0.5,9.49989,2.31796e-05
11.5,0.5,9.49989,2.22456e-05
