x,y,height,momentum_x
0.5,0.5,9.4999,2.63599e-05
1.5,0.5,9.4999,3.02281e-05
2.5,0.5,9.49989,2.83201e-05
3.5,0.5,9.49989,2.03292e-05
4.5,0.5,9.49989,1.53094e-05
5.5,0.5,9.49989,1.27354e-05
6.5,0.5,9.49989,1.20253e-05
7.5,0.5,9.49989,1.25813e-05
8.5,0.5,9.49989,1.38301e-05
9.5,0.5,9.49989,1.52612e-05
10.5,0.5,9.49989,1.646e-05
11.5,0.5,9.49989,1.71347e-05
