x,y,height,momentum_x
0.5,0.5,9.50142,-0.0147569
1.5,0.5,9.50044,-0.00526274
2.5,0.5,9.50019,-0.0028742
3.5,0.5,9.50014,-0.00213831
4.5,0.5,9.50011,-0.00143755
5.5,0.5,9.50009,-0.000511404
6.5,0.5,9.50009,0.000511458
7.5,0.5,9.50011,0.0014376
8.5,0.5,9.50014,0.00213836
9.5,0.5,9.50019,0.00287425
10.5,0.5,9.50044,0.00526278
11.5,0.5,9.50142,0.014757
