x,y,height,momentum_x
0.5,0.5,9.4999,6.45731e-05
1.5,0.5,9.4999,6.71379e-05
2.5,0.5,9.49989,6.27151e-05
3.5,0.5,9.49989,5.11748e-05
4.5,0.5,9.49989,4.18191e-05
5.5,0.5,9.49989,3.44234e-05
6.5,0.5,9.49989,2.87376e-05
7.5,0.5,9.49989,2.45026e-05
8.5,0.5,9.49989,2.14685e-05
9.5,0.5,9.49989,1.94114e-05
10.5,0.5,9.49989,1.81484e-05
11.5,0.5,9.49989,1.75504e-05
