x,y,height,momentum_x
0.5,0.5,9.4999,4.74355e-05
1.5,0.5,9.4999,5.05138e-05
2.5,0.5,9.49989,4.70824e-05
3.5,0.5,9.49989,3.69434e-05
4.5,0.5,9.49989,2.9302e-05
5.5,0.5,9.49989,2.38163e-05
6.5,0.5,9.49989,2.01052e-05
7.5,0.5,9.49989,1.77754e-05
8.5,0.5,9.49989,1.64474e-05
9.5,0.5,9.49989,1.57819e-05
10.5,0.5,9.49989,1.55022e-05
11.5,0.5,9.49989,1.54129e-05
