x,y,height,momentum_x
0.5,0.5,7.21999,21.0791
1.5,0.5,7.21803,21.0898
2.5,0.5,7.21703,21.0953
3.5,0.5,7.21653,21.098
4.5,0.5,7.2163,21.0993
5.5,0.5,7.21622,21.0998
6.5,0.5,7.21619,21.1
7.5,0.5,7.21619,21.1001
8.5,0.5,7.21621,21.1003
9.5,0.5,7.21623,21.1006
