x,y,height,momentum_x
0.5,0.5,7.19008,21.2366
1.5,0.5,7.18897,21.2426
2.5,0.5,7.18868,21.2442
3.5,0.5,7.18862,21.2445
4.5,0.5,7.18862,21.2446
5.5,0.5,7.18862,21.2446
6.5,0.5,7.18862,21.2446
