x,y,height,momentum_x
0.5,0.5,9.4999,-3.91843e-05
1.5,0.5,9.4999,-2.97288e-05
2.5,0.5,9.49989,-2.66164e-05
3.5,0.5,9.49989,-2.59398e-05
4.5,0.5,9.49989,-1.94335e-05
5.5,0.5,9.49989,-9.64596e-06
6.5,0.5,9.49989,1.28512e-06
7.5,0.5,9.49989,1.16388e-05
8.5,0.5,9.49989,2.04195e-05
9.5,0.5,9.49989,2.80761e-05
10.5,0.5,9.49989,3.482e-05
11.5,0.5,9.49989,4.37962e-05
